Date,ZGC,GDS,HTKJ
2023-01-03,20.37,103.2,8.45
2023-01-04,22.41,100.41,8.5
2023-01-05,24.65,102.66,8.55
2023-01-06,23.46,102.88,8.53
2023-01-09,23.4,105.06,8.55
2023-01-10,22.87,106.38,8.66
2023-01-11,23.16,107.1,8.72
2023-01-12,23.29,106.33,8.56
2023-01-13,23.6,108.43,8.59
2023-01-16,23.73,115.02,8.68
2023-01-17,24.06,120.01,8.78
2023-01-18,23.87,116.69,8.78
2023-01-19,23.85,118.83,8.89
2023-01-20,23.76,122.63,8.91
2023-01-30,23.37,121.25,8.97
2023-01-31,23.0,114.55,8.92
2023-02-01,23.3,115.0,9.19
2023-02-02,22.85,117.09,9.23
2023-02-03,23.12,117.52,9.29
2023-02-06,22.8,114.39,9.15
2023-02-07,23.35,113.49,9.16
2023-02-08,22.94,113.08,9.05
2023-02-09,24.0,118.08,9.36
2023-02-10,23.41,116.55,9.47
2023-02-13,25.2,117.05,9.61
2023-02-14,24.41,115.86,9.72
2023-02-15,25.42,116.77,9.9
2023-02-16,24.6,113.33,9.54
2023-02-17,22.88,108.74,9.36
2023-02-20,24.12,109.52,9.66
2023-02-21,24.51,108.85,9.59
2023-02-22,24.3,108.5,9.57
2023-02-23,23.2,108.53,9.45
2023-02-24,23.65,107.02,9.5
2023-02-27,24.48,104.02,9.51
2023-02-28,25.4,104.89,9.58
2023-03-01,26.99,104.5,9.78
2023-03-02,26.57,105.19,9.67
2023-03-03,25.83,105.75,10.0
2023-03-06,26.0,105.12,9.88
2023-03-07,24.86,101.27,9.5
2023-03-08,25.1,101.8,9.65
2023-03-09,27.61,102.19,9.66
2023-03-10,27.41,101.03,9.61
2023-03-13,27.98,101.5,9.63
2023-03-14,27.28,105.04,9.86
2023-03-15,26.79,104.96,9.84
2023-03-16,26.64,105.28,10.15
2023-03-17,27.44,105.17,10.09
2023-03-20,28.05,107.82,10.36
2023-03-21,27.95,107.51,10.44
2023-03-22,29.38,106.05,10.4
2023-03-23,31.26,116.66,10.37
2023-03-24,31.63,117.9,10.24
2023-03-27,30.56,114.01,10.27
2023-03-28,30.11,108.8,10.02
2023-03-29,30.44,115.02,10.11
2023-03-30,28.98,121.32,10.1
2023-03-31,29.29,122.0,10.1
2023-04-03,32.22,131.53,10.44
2023-04-04,34.43,130.56,10.5
2023-04-06,33.8,134.5,10.88
2023-04-07,34.16,138.6,10.82
2023-04-10,31.2,130.86,10.54
2023-04-11,31.52,132.72,10.56
2023-04-12,33.4,134.99,10.63
2023-04-13,30.64,128.31,10.27
2023-04-14,30.74,135.41,10.69
2023-04-17,31.56,135.9,10.5
2023-04-18,32.71,132.91,10.3
2023-04-19,31.95,130.75,10.26
2023-04-20,34.26,136.28,10.31
2023-04-21,32.5,126.41,9.48
2023-04-24,33.28,120.74,9.37
2023-04-25,32.4,117.72,9.24
2023-04-26,29.16,110.98,8.91
2023-04-27,27.81,112.48,8.95
2023-04-28,29.63,108.47,8.96
2023-05-04,28.92,105.0,8.8
2023-05-05,27.91,104.8,8.82
2023-05-08,29.1,104.16,8.9
2023-05-09,28.67,101.76,9.12
2023-05-10,27.83,100.09,9.1
2023-05-11,27.08,100.83,9.07
2023-05-12,26.62,100.52,9.11
2023-05-15,27.16,102.08,9.44
2023-05-16,26.92,106.07,9.66
2023-05-17,27.45,109.45,9.64
2023-05-18,28.53,107.2,9.55
2023-05-19,28.28,112.01,9.66
2023-05-22,28.07,113.31,9.59
2023-05-23,27.42,107.48,9.42
2023-05-24,27.31,108.38,9.43
2023-05-25,29.02,110.8,9.44
2023-05-26,29.38,114.0,9.53
2023-05-29,30.47,112.17,9.75
2023-05-30,31.56,112.6,9.84
2023-05-31,32.62,110.8,9.72
2023-06-01,32.45,110.31,9.69
2023-06-02,31.95,108.89,9.63
2023-06-05,32.16,107.0,9.53
2023-06-06,31.08,103.06,9.25
2023-06-07,31.13,103.24,9.42
2023-06-08,31.0,101.13,9.19
2023-06-09,32.99,103.25,9.29
2023-06-12,32.71,102.9,9.39
2023-06-13,33.4,111.94,9.7
2023-06-14,34.4,112.2,9.69
2023-06-15,34.06,110.91,9.62
2023-06-16,35.27,111.88,9.62
2023-06-19,36.74,114.08,9.75
2023-06-20,36.8,113.36,9.61
2023-06-21,36.77,107.8,9.33
2023-06-26,35.02,105.85,9.15
2023-06-27,34.94,105.84,9.22
2023-06-28,31.45,105.05,9.05
2023-06-29,31.37,105.36,9.11
2023-06-30,31.85,106.25,9.2
2023-07-03,31.8,106.39,9.23
2023-07-04,31.58,108.82,9.44
2023-07-05,31.0,110.35,9.38
2023-07-06,31.5,110.44,9.48
2023-07-07,30.61,105.21,9.28
2023-07-10,30.14,106.0,9.17
2023-07-11,30.55,115.33,9.42
2023-07-12,28.75,113.21,9.31
2023-07-13,28.69,118.25,9.6
2023-07-14,29.88,117.34,9.78
2023-07-17,29.81,118.36,9.79
2023-07-18,29.14,115.73,10.07
2023-07-19,28.69,114.6,9.97
2023-07-20,27.57,112.37,9.73
2023-07-21,27.33,112.27,9.77
2023-07-24,28.25,110.93,9.67
2023-07-25,28.46,112.9,9.77
2023-07-26,27.72,111.8,9.69
2023-07-27,27.33,110.46,9.53
2023-07-28,26.94,114.23,9.54
2023-07-31,27.28,114.78,9.59
2023-08-01,27.68,114.41,9.56
2023-08-02,27.68,113.98,9.56
2023-08-03,27.5,114.11,9.5
2023-08-04,28.84,106.86,9.65
2023-08-07,28.42,105.33,9.68
2023-08-08,28.25,104.75,9.35
2023-08-09,27.26,104.06,9.35
2023-08-10,27.27,103.65,9.35
2023-08-11,26.44,102.05,9.16
2023-08-14,27.04,101.19,9.1
2023-08-15,26.46,97.75,9.03
2023-08-16,25.86,94.5,9.0
2023-08-17,26.0,95.47,9.03
2023-08-18,25.24,93.77,8.88
2023-08-21,25.59,91.51,8.78
2023-08-22,26.26,92.14,8.83
2023-08-23,25.3,90.1,8.62
2023-08-24,25.59,91.51,8.6
2023-08-25,24.42,89.1,8.33
2023-08-28,25.49,89.49,8.47
2023-08-29,26.63,92.27,8.74
2023-08-30,27.11,94.0,8.92
2023-08-31,26.93,93.98,8.98
2023-09-01,26.39,94.5,8.93
2023-09-04,26.87,96.8,9.08
2023-09-05,26.25,99.64,9.1
2023-09-06,26.1,99.92,9.26
2023-09-07,25.21,98.3,9.13
2023-09-08,24.95,97.35,9.14
2023-09-11,25.97,97.5,9.22
2023-09-12,26.2,97.79,9.18
2023-09-13,25.13,98.95,9.04
2023-09-14,25.0,96.96,8.98
2023-09-15,24.62,100.0,9.05
2023-09-18,24.44,99.51,9.07
2023-09-19,24.04,101.39,8.92
2023-09-20,24.01,100.44,8.85
2023-09-21,24.22,100.52,8.94
2023-09-22,25.2,101.98,9.1
2023-09-25,23.51,99.95,9.0
2023-09-26,23.47,98.78,8.87
2023-09-27,23.39,98.88,8.91
2023-09-28,23.57,98.6,8.98
2023-10-09,23.58,102.69,9.01
2023-10-10,23.27,103.85,9.15
2023-10-11,23.69,105.0,9.23
2023-10-12,23.12,104.3,9.18
2023-10-13,22.56,103.18,9.26
2023-10-16,22.17,101.14,9.02
2023-10-17,21.89,102.2,9.06
2023-10-18,20.52,100.4,8.96
2023-10-19,20.51,99.46,9.02
2023-10-20,20.02,97.39,8.7
2023-10-23,19.43,94.7,8.53
2023-10-24,19.6,97.68,8.58
2023-10-25,19.64,96.45,8.77
2023-10-26,19.87,94.38,8.79
2023-10-27,19.69,101.83,8.88
2023-10-30,19.97,106.88,8.97
2023-10-31,19.61,107.0,8.93
2023-11-01,19.55,105.46,8.89
2023-11-02,19.32,104.53,8.83
2023-11-03,19.81,108.0,9.05
2023-11-06,20.3,109.35,9.22
2023-11-07,20.79,106.94,9.27
2023-11-08,20.82,106.69,9.19
2023-11-09,21.45,105.1,9.09
2023-11-10,20.98,105.18,9.08
2023-11-13,21.39,104.11,9.19
2023-11-14,21.45,103.67,9.28
2023-11-15,21.52,106.99,9.28
2023-11-16,21.29,104.69,9.23
2023-11-17,21.53,104.98,9.23
2023-11-20,21.88,100.06,9.26
2023-11-21,21.33,97.9,9.15
2023-11-22,21.03,95.69,9.1
2023-11-23,21.23,96.69,9.14
2023-11-24,20.78,94.76,8.95
2023-11-27,20.57,95.04,9.0
2023-11-28,20.74,95.2,9.08
2023-11-29,20.4,94.64,9.14
2023-11-30,20.21,94.1,8.94
2023-12-01,20.98,95.15,8.94
2023-12-04,20.85,94.47,8.95
2023-12-05,19.65,90.06,8.67
2023-12-06,19.62,91.32,8.65
2023-12-07,19.95,89.77,8.71
2023-12-08,20.94,91.91,8.92
2023-12-11,21.0,92.9,8.72
2023-12-12,21.1,93.62,8.8
2023-12-13,20.63,93.3,8.63
2023-12-14,20.56,95.11,8.63
2023-12-15,20.28,94.14,8.56
2023-12-18,19.91,92.64,8.45
2023-12-19,19.96,93.88,8.43
2023-12-20,19.04,91.16,8.31
2023-12-21,19.23,91.69,8.3
2023-12-22,18.75,91.12,8.23
2023-12-25,18.86,90.92,8.23
2023-12-26,18.17,89.14,8.03
2023-12-27,18.3,90.83,8.12
2023-12-28,19.22,92.5,8.37
2023-12-29,19.35,92.39,8.52
2024-01-02,18.84,89.98,8.44
2024-01-03,18.53,86.06,8.35
2024-01-04,18.22,81.3,8.17
2024-01-05,17.69,79.7,8.05
2024-01-08,17.08,77.61,7.7
2024-01-09,17.18,77.7,7.77
2024-01-10,17.04,76.58,7.67
2024-01-11,17.73,77.86,7.85
2024-01-12,17.4,76.6,7.73
2024-01-15,17.4,76.55,7.7
2024-01-16,17.32,76.48,7.63
2024-01-17,16.93,74.33,7.44
2024-01-18,17.26,75.93,7.39
2024-01-19,17.29,75.28,7.38
2024-01-22,16.57,72.29,6.97
2024-01-23,17.19,73.23,7.04
2024-01-24,17.24,72.1,7.1
2024-01-25,17.79,74.16,7.28
2024-01-26,17.52,68.73,7.18
2024-01-29,16.89,66.68,6.99
2024-01-30,16.23,65.35,6.76
2024-01-31,15.56,62.5,6.51
2024-02-01,15.79,63.31,6.5
2024-02-02,15.2,60.18,6.19
2024-02-05,14.71,57.92,5.85
2024-02-06,15.78,61.96,6.44
2024-02-07,16.1,62.3,7.08
2024-02-08,16.73,68.53,7.79
2024-02-19,17.75,66.95,8.57
2024-02-20,17.39,70.15,8.46
2024-02-21,17.44,69.27,8.22
2024-02-22,18.19,72.54,8.19
2024-02-23,18.28,71.98,8.18
2024-02-26,18.69,71.36,8.06
2024-02-27,20.56,74.19,8.27
2024-02-28,20.09,69.9,7.8
2024-02-29,22.1,73.27,8.18
2024-03-01,24.31,75.76,8.28
2024-03-04,25.5,74.93,8.28
2024-03-05,24.77,74.26,8.28
2024-03-06,24.59,72.83,8.14
2024-03-07,25.0,70.52,7.93
2024-03-08,24.93,71.6,8.24
2024-03-11,24.75,74.63,8.22
2024-03-12,24.22,79.0,8.23
2024-03-13,23.47,78.35,8.23
2024-03-14,23.06,77.18,8.1
2024-03-15,23.17,77.42,8.18
2024-03-18,23.87,77.89,8.31
2024-03-19,23.47,77.21,8.27
2024-03-20,23.56,77.1,8.3
2024-03-21,23.11,80.15,8.32
2024-03-22,22.83,78.38,8.26
2024-03-25,22.19,73.53,8.02
2024-03-26,21.58,76.47,7.93
2024-03-27,20.63,70.75,7.58
2024-03-28,21.95,72.75,7.72
2024-03-29,21.71,71.87,7.97
2024-04-01,22.08,72.44,8.03
2024-04-02,21.54,71.9,8.02
2024-04-03,21.0,71.61,8.01
2024-04-08,20.58,69.74,7.79
2024-04-09,20.34,69.85,7.82
2024-04-10,19.68,66.42,7.62
2024-04-11,20.1,70.18,7.54
2024-04-12,20.02,73.85,7.57
2024-04-15,20.33,73.2,7.51
2024-04-16,19.65,68.87,7.15
2024-04-17,20.56,75.76,7.63
2024-04-18,20.28,76.0,7.52
2024-04-19,19.67,74.09,7.37
2024-04-22,19.28,75.96,7.32
2024-04-23,19.02,74.5,7.28
2024-04-24,19.71,77.9,7.5
2024-04-25,19.44,77.11,7.61
2024-04-26,20.22,78.7,7.87
2024-04-29,21.06,78.75,8.15
2024-04-30,20.95,78.75,8.19
2024-05-06,21.21,81.94,8.25
2024-05-07,20.94,84.03,8.24
2024-05-08,20.33,81.99,8.08
2024-05-09,20.9,82.59,8.27
2024-05-10,20.4,82.49,8.22
2024-05-13,20.06,86.32,8.14
2024-05-14,20.34,86.62,8.1
2024-05-15,20.31,83.42,8.09
2024-05-16,22.19,81.55,8.13
2024-05-17,21.96,82.87,8.27
2024-05-20,22.28,82.68,8.29
2024-05-21,22.55,82.92,8.32
2024-05-22,23.4,82.53,8.35
2024-05-23,23.69,81.26,8.2
2024-05-24,22.43,78.6,8.02
2024-05-27,22.98,81.48,8.2
2024-05-28,21.87,81.69,8.15
2024-05-29,21.77,80.44,8.04
2024-05-30,21.81,82.38,8.18
2024-05-31,22.02,83.11,8.18
2024-06-03,22.13,86.17,8.25
2024-06-04,21.9,85.3,8.17
2024-06-05,21.92,84.77,8.24
2024-06-06,22.68,83.15,8.11
2024-06-07,22.92,83.46,8.19
2024-06-11,23.26,87.56,8.49
2024-06-12,22.99,86.6,8.37
2024-06-13,23.44,89.0,8.34
2024-06-14,23.07,90.66,8.26
2024-06-17,22.63,94.28,8.49
2024-06-18,24.15,93.6,8.44
2024-06-19,23.79,94.71,8.5
2024-06-20,23.05,93.0,8.32
2024-06-21,23.26,94.5,8.39
2024-06-24,22.11,92.45,8.06
2024-06-25,21.45,89.95,7.74
2024-06-26,22.47,93.2,8.17
2024-06-27,21.86,94.2,8.09
2024-06-28,22.35,95.62,8.15
2024-07-01,22.64,94.41,8.12
2024-07-02,22.08,90.21,8.09
2024-07-03,21.82,91.69,8.19
2024-07-04,21.45,91.6,8.08
2024-07-05,21.77,91.84,8.02
2024-07-08,21.13,91.96,7.9
2024-07-09,22.2,96.42,8.43
2024-07-10,22.13,97.04,8.5
2024-07-11,22.44,97.82,8.64
2024-07-12,21.9,97.35,8.67
2024-07-15,21.99,97.2,8.72
2024-07-16,24.19,97.99,8.92
2024-07-17,24.65,96.0,8.81
2024-07-18,24.38,94.0,8.75
2024-07-19,24.6,96.0,8.84
2024-07-22,24.37,94.37,8.83
2024-07-23,23.22,88.88,8.52
2024-07-24,22.74,86.3,8.46
2024-07-25,22.66,84.4,8.21
2024-07-26,22.74,84.41,8.26
2024-07-29,22.45,82.55,8.19
2024-07-30,22.27,82.99,8.28
2024-07-31,23.15,85.98,8.65
2024-08-01,22.94,86.74,8.77
2024-08-02,22.09,83.06,8.51
2024-08-05,20.8,77.66,8.13
2024-08-06,20.93,78.18,7.97
2024-08-07,20.32,76.95,7.96
2024-08-08,20.2,77.57,8.0
2024-08-09,19.95,78.12,8.0
2024-08-12,19.73,78.19,7.89
2024-08-13,20.16,78.96,8.02
2024-08-14,19.89,78.23,7.87
2024-08-15,20.05,78.75,7.96
2024-08-16,19.93,78.9,7.94
2024-08-19,20.03,78.98,8.02
2024-08-20,19.51,79.23,7.8
2024-08-21,19.51,73.99,7.73
2024-08-22,19.08,73.65,7.65
2024-08-23,19.25,72.36,7.81
2024-08-26,19.28,71.28,7.86
2024-08-27,18.91,70.23,7.63
2024-08-28,19.06,69.95,7.56
2024-08-29,19.23,70.0,7.78
2024-08-30,19.74,72.38,7.97
2024-09-02,19.07,68.54,7.78
2024-09-03,19.3,70.02,7.85
2024-09-04,19.06,68.84,7.8
2024-09-05,19.38,69.39,7.8
2024-09-06,18.82,67.88,7.62
2024-09-09,18.63,67.64,7.51
2024-09-10,18.84,67.93,7.49
2024-09-11,18.73,67.64,7.54
2024-09-12,18.55,66.8,7.45
2024-09-13,18.42,65.3,7.33
2024-09-18,18.38,64.78,7.31
2024-09-19,18.7,65.51,7.43
2024-09-20,18.79,65.29,7.39
2024-09-23,18.87,65.13,7.42
2024-09-24,19.52,68.4,7.69
2024-09-25,19.61,69.45,7.73
2024-09-26,20.35,75.27,7.99
2024-09-27,21.99,80.4,8.49
2024-09-30,24.14,88.37,9.34
2024-10-08,26.55,97.21,10.27
2024-10-09,25.05,93.1,10.52
2024-10-10,24.4,88.08,10.0
2024-10-11,23.02,84.0,9.48
2024-10-14,23.73,86.12,9.7
2024-10-15,23.49,85.0,9.73
2024-10-16,22.91,83.08,9.85
2024-10-17,23.09,82.39,9.99
2024-10-18,24.52,87.74,10.52
2024-10-21,24.8,89.92,11.21
2024-10-22,24.68,88.8,10.74
2024-10-23,24.64,88.0,10.68
2024-10-24,24.73,88.3,10.63
2024-10-25,24.99,89.15,10.86
2024-10-28,24.87,90.76,11.74
2024-10-29,25.38,88.6,12.91
2024-10-30,25.2,88.76,12.81
2024-10-31,26.25,90.17,13.73
2024-11-01,24.68,86.3,12.36
2024-11-04,25.92,90.0,12.6
2024-11-05,26.92,92.08,12.82
2024-11-06,27.22,94.52,13.26
2024-11-07,27.09,96.64,13.14
2024-11-08,28.21,95.48,13.2
2024-11-11,30.59,99.14,14.26
2024-11-12,28.87,96.86,13.73
2024-11-13,28.93,96.31,13.63
2024-11-14,27.41,92.22,12.92
2024-11-15,26.42,89.59,12.41
2024-11-18,25.46,86.46,11.92
2024-11-19,26.06,88.76,12.29
2024-11-20,25.97,88.31,12.37
2024-11-21,25.98,88.32,12.33
2024-11-22,24.83,84.38,11.76
2024-11-25,24.45,83.91,11.66
2024-11-26,24.27,83.22,11.61
2024-11-27,24.91,85.0,11.81
2024-11-28,24.94,85.24,11.7
2024-11-29,25.35,85.78,11.84
2024-12-02,25.48,84.78,12.08
2024-12-03,25.0,83.72,12.02
2024-12-04,24.59,85.87,11.97
2024-12-05,24.83,85.08,11.92
2024-12-06,25.24,85.98,12.02
2024-12-09,24.86,83.32,11.85
2024-12-10,24.98,83.69,11.95
2024-12-11,25.14,84.21,12.07
2024-12-12,25.26,84.53,12.07
2024-12-13,24.56,92.98,11.95
2024-12-16,24.98,96.66,11.8
2024-12-17,25.6,93.68,11.68
2024-12-18,26.02,103.05,11.89
2024-12-19,27.59,112.15,12.02
2024-12-20,27.07,113.2,12.2
2024-12-23,27.2,107.25,11.93
2024-12-24,27.27,108.0,12.09
2024-12-25,27.63,109.76,12.16
2024-12-26,28.76,115.0,12.58
2024-12-27,28.96,111.96,12.35
2024-12-30,29.19,113.82,12.35
2024-12-31,27.83,106.8,11.61
2025-01-02,26.01,102.99,10.81
2025-01-03,24.64,103.1,10.55
2025-01-06,24.61,99.54,10.55
2025-01-07,25.41,105.2,10.88
2025-01-08,24.78,114.65,10.78
2025-01-09,25.74,122.9,10.85
2025-01-10,24.68,120.5,10.83
2025-01-13,24.01,117.85,10.76
2025-01-14,25.43,129.64,11.26
2025-01-15,25.2,132.86,11.21
2025-01-16,25.19,128.2,11.17
2025-01-17,25.42,134.79,11.25
2025-01-20,25.61,133.0,11.39
2025-01-21,26.44,132.1,11.43
2025-01-22,26.64,136.21,11.43
2025-01-23,26.04,130.47,11.32
2025-01-24,26.82,130.5,11.58
2025-01-27,25.18,127.4,11.26
2025-02-05,26.19,135.35,11.38
2025-02-06,27.4,140.63,11.67
2025-02-07,28.24,138.56,11.74
2025-02-10,28.5,134.63,11.77
2025-02-11,28.5,134.0,11.54
2025-02-12,29.21,134.98,11.8
2025-02-13,28.58,127.68,11.55
2025-02-14,30.39,127.32,11.61
2025-02-17,30.99,127.49,11.58
2025-02-18,29.19,123.47,11.14
2025-02-19,29.89,127.51,11.47
2025-02-20,29.47,128.39,11.52
2025-02-21,32.42,138.05,11.76
2025-02-24,33.0,143.0,11.8
2025-02-25,33.12,137.0,11.7
2025-02-26,32.97,136.77,11.74
2025-02-27,31.67,133.74,11.51
2025-02-28,29.56,131.83,10.98
2025-03-03,29.2,129.58,10.98
2025-03-04,29.39,134.5,11.14
2025-03-05,29.5,135.88,11.13
2025-03-06,30.72,137.73,11.26
2025-03-07,29.83,134.68,11.08
2025-03-10,29.36,132.52,11.04
2025-03-11,29.15,128.18,11.04
2025-03-12,29.63,128.48,11.05
2025-03-13,28.49,124.28,10.81
2025-03-14,29.54,129.89,11.04
2025-03-17,29.33,128.03,11.14
2025-03-18,29.5,129.91,11.16
2025-03-19,28.99,130.95,11.06
2025-03-20,28.69,128.4,11.05
2025-03-21,27.53,123.61,10.85
2025-03-24,27.77,125.12,10.86
2025-03-25,27.17,119.31,10.76
2025-03-26,27.14,116.96,10.74
2025-03-27,27.24,117.63,10.8
2025-03-28,27.48,117.01,10.68
2025-03-31,27.42,116.88,10.6
2025-04-01,27.34,117.49,10.61
2025-04-02,27.9,117.59,10.59
2025-04-03,27.19,115.75,10.44
2025-04-07,24.47,104.2,9.4
2025-04-08,23.97,103.48,9.07
2025-04-09,24.78,104.96,9.29
2025-04-10,25.66,107.9,9.53
2025-04-11,25.69,112.32,10.04
2025-04-14,25.7,111.73,10.1
2025-04-15,25.71,110.0,9.97
2025-04-16,25.09,109.19,9.88
2025-04-17,24.94,109.2,9.82
2025-04-18,25.05,108.3,9.78
2025-04-21,25.57,112.46,9.96
2025-04-22,25.08,112.35,9.92
2025-04-23,25.39,114.6,9.93
2025-04-24,24.97,111.16,9.77
2025-04-25,25.2,112.63,9.84
2025-04-28,24.93,115.2,9.8
2025-04-29,24.43,126.72,9.8
2025-04-30,25.14,128.69,9.28
2025-05-06,25.76,131.85,9.57
2025-05-07,25.64,130.35,9.51
2025-05-08,25.72,127.52,9.57
2025-05-09,25.2,124.4,9.39
2025-05-12,25.7,125.48,9.53
2025-05-13,25.45,125.51,9.39
2025-05-14,25.54,124.49,9.44
2025-05-15,24.6,122.0,9.23
2025-05-16,24.52,122.29,9.15
2025-05-19,24.37,126.3,9.14
2025-05-20,24.51,126.15,9.22
2025-05-21,24.35,118.14,9.13
2025-05-22,24.11,117.66,9.01
2025-05-23,23.7,115.4,8.9
2025-05-26,24.28,116.03,8.92
2025-05-27,23.98,112.9,8.77
2025-05-28,23.76,113.5,8.69
2025-05-29,24.4,113.75,8.94
2025-05-30,24.03,112.3,8.74
2025-06-03,23.87,112.88,8.69
2025-06-04,24.17,115.58,8.79
2025-06-05,24.74,117.9,8.93
2025-06-06,24.74,123.44,8.94
2025-06-09,24.84,122.63,8.94
2025-06-10,24.11,119.4,8.79
2025-06-11,24.11,119.15,8.83
2025-06-12,23.92,119.95,8.82
2025-06-13,23.22,118.9,8.74
2025-06-16,23.29,121.01,8.76
2025-06-17,23.09,122.32,8.89
2025-06-18,23.1,122.62,8.96
2025-06-19,22.81,123.21,8.85
2025-06-20,22.71,118.96,8.76
2025-06-23,22.8,120.21,8.91
2025-06-24,23.32,123.91,9.08
2025-06-25,23.71,125.5,9.15
2025-06-26,23.57,123.25,9.05
2025-06-27,23.66,126.34,9.96
2025-06-30,23.99,126.53,10.1
2025-07-01,23.85,124.02,10.78
2025-07-02,23.5,120.98,10.11
2025-07-03,23.89,119.72,10.09
2025-07-04,23.65,118.85,9.89
2025-07-07,23.38,120.81,9.84
2025-07-08,24.16,121.71,9.92
2025-07-09,23.98,119.47,9.76
2025-07-10,24.03,118.06,9.77
2025-07-11,24.24,118.36,9.93
2025-07-14,24.15,117.59,9.88
2025-07-15,24.85,115.0,9.79
2025-07-16,24.67,114.24,9.89
2025-07-17,25.02,117.99,9.92
2025-07-18,24.85,117.16,9.99
2025-07-21,24.72,117.11,9.99
2025-07-22,24.59,115.87,10.0
2025-07-23,24.45,116.99,10.28
2025-07-24,24.88,117.89,10.3
2025-07-25,25.04,121.94,10.39
2025-07-28,24.84,120.26,10.34
2025-07-29,25.1,120.28,10.21
2025-07-30,24.75,123.99,10.1
2025-07-31,24.73,121.13,10.02
2025-08-01,24.5,117.31,9.91
2025-08-04,24.54,118.84,10.09
2025-08-05,24.51,118.0,10.17
2025-08-06,24.9,118.28,10.18
2025-08-07,24.75,117.67,10.23
2025-08-08,24.31,116.4,10.01
2025-08-11,24.8,117.95,10.09
2025-08-12,24.98,120.47,10.19
2025-08-13,25.33,121.46,10.21
2025-08-14,25.12,121.01,10.11
2025-08-15,25.4,122.9,10.33
2025-08-18,26.46,125.7,10.67
2025-08-19,26.2,123.26,10.81
2025-08-20,27.71,127.01,10.89
2025-08-21,27.25,137.16,10.79
2025-08-22,28.5,150.88,11.27
2025-08-25,28.62,157.8,11.4
2025-08-26,28.25,154.4,11.68
2025-08-27,27.47,158.63,11.37
2025-08-28,28.39,164.45,11.6
2025-08-29,27.9,158.98,11.84
2025-09-01,29.09,174.88,11.9
2025-09-02,27.41,176.0,11.26
2025-09-03,28.66,171.09,11.04
2025-09-04,27.66,153.98,10.64
2025-09-05,28.13,159.56,10.96
2025-09-08,27.8,163.83,10.96
2025-09-09,26.35,157.15,10.7
2025-09-10,26.51,161.29,10.66
2025-09-11,28.67,177.42,11.09
2025-09-12,29.28,190.21,11.2
2025-09-15,28.76,190.94,11.08
2025-09-16,29.64,189.16,11.25
2025-09-17,29.41,186.6,11.19
2025-09-18,30.94,190.88,11.27
2025-09-19,30.15,185.2,11.25
2025-09-22,30.47,195.01,11.41
2025-09-23,29.44,194.07,11.31
2025-09-24,30.5,199.8,11.78
2025-10-17,27.09,201.21,12.96
2025-10-20,27.37,208.35,12.65
2025-10-21,28.05,219.01,13.09
2025-10-22,27.69,210.93,12.27
2025-10-23,27.37,206.96,11.77
2025-10-24,28.11,221.08,11.93
2025-10-27,28.56,243.19,12.47
2025-10-28,28.33,246.95,12.56
2025-10-29,28.51,241.15,12.64
2025-10-30,28.1,232.0,12.27
2025-10-31,27.08,220.0,12.06
2025-11-03,27.21,230.1,12.25
2025-11-04,26.66,224.99,12.01
2025-11-05,26.44,218.39,11.84
2025-11-06,26.68,227.2,11.96
2025-11-07,26.29,220.95,12.2
2025-11-10,26.45,218.96,12.1
2025-11-11,26.12,216.99,11.92
2025-11-12,25.83,209.5,11.7
2025-11-13,25.9,227.5,11.82
2025-11-14,25.35,205.78,11.41
2025-11-17,25.41,207.5,11.39
2025-11-18,25.75,202.5,11.3
2025-11-19,25.34,202.52,11.11
2025-11-20,24.61,199.1,11.03
2025-11-21,24.08,182.51,10.62
2025-11-24,24.45,179.18,10.75
2025-11-25,24.7,190.62,10.83
2025-11-26,24.98,196.5,10.75
2025-11-27,24.8,200.86,10.87
2025-11-28,24.92,203.0,10.91
2025-12-01,25.46,212.82,11.26
2025-12-02,25.11,210.5,11.17
2025-12-03,24.81,207.6,11.04
2025-12-04,24.97,210.41,11.12
2025-12-05,24.99,206.81,11.11
2025-12-08,25.43,213.89,11.2
2025-12-09,25.48,210.95,11.05
2025-12-10,25.5,208.84,11.04
2025-12-11,24.66,207.81,10.86
2025-12-12,25.05,209.89,11.01
2025-12-15,24.42,204.16,10.79
2025-12-16,23.98,197.86,10.54
2025-12-17,24.5,202.18,10.73
2025-12-18,24.32,214.45,10.69
2025-12-19,24.43,210.21,10.7
2025-12-22,24.83,216.46,10.91
2025-12-23,24.69,217.38,10.94
2025-12-24,24.64,224.1,11.12
2025-12-25,24.63,222.0,11.12
2025-12-26,24.76,226.97,11.09
2025-12-29,24.75,227.93,11.03
2025-12-30,24.73,220.22,11.05
2025-12-31,24.6,214.25,10.97
2026-01-05,25.25,235.68,11.24
2026-01-06,25.49,250.78,11.37
2026-01-07,25.4,262.5,11.45
2026-01-08,25.69,258.75,11.51
2026-01-09,25.91,250.05,11.71
2026-01-12,27.0,261.83,12.14
2026-01-13,26.17,263.5,11.68
2026-01-14,27.08,253.0,11.69
2026-01-15,26.89,254.96,11.92
2026-01-16,27.07,280.46,12.7
2026-01-19,27.82,288.45,12.7
2026-01-20,26.75,292.0,12.89
2026-01-21,26.59,307.65,14.18
2026-01-22,26.39,301.47,13.85
2026-01-23,26.56,297.25,14.28
2026-01-26,26.0,292.6,13.33
2026-01-27,25.88,307.26,14.66
2026-01-28,25.73,323.68,15.2
2026-01-29,25.52,307.5,14.8
2026-01-30,25.02,314.88,15.17
2026-02-02,24.49,283.39,14.07
2026-02-03,24.89,292.57,14.72
2026-02-04,24.81,282.33,14.29
2026-02-05,24.47,277.74,13.91
2026-02-06,24.35,276.17,13.51
2026-02-09,25.15,292.98,14.09
2026-02-10,25.31,289.9,13.85
2026-02-11,25.13,284.59,13.8
2026-02-12,25.62,303.24,14.27
2026-02-13,25.5,308.7,14.35
2026-02-24,25.46,323.05,14.64
2026-02-25,25.28,311.32,14.68
2026-02-26,25.73,309.4,15.12
2026-02-27,25.95,300.0,15.18
2026-03-02,25.08,293.15,14.71
2026-03-03,23.86,272.89,14.13
2026-03-04,23.56,279.07,14.1
2026-03-05,24.1,282.8,14.24
2026-03-06,24.13,284.99,14.01
2026-03-09,24.26,276.09,13.76
2026-03-10,24.92,285.44,14.17
2026-03-11,25.23,281.53,14.08
2026-03-12,26.52,274.78,13.91
2026-03-13,25.8,278.33,13.65
2026-03-16,25.39,306.16,14.05
2026-03-17,24.45,296.0,13.49
2026-03-18,26.3,311.25,13.93
2026-03-19,26.77,303.68,13.54
2026-03-20,26.18,290.2,13.0
2026-03-23,25.4,273.35,12.19
2026-03-24,25.7,273.71,12.34
2026-03-25,26.34,278.4,12.66
2026-03-26,25.4,262.0,12.23
2026-03-27,25.14,258.66,12.25
2026-03-30,24.82,255.85,12.2
2026-03-31,24.9,238.1,11.64
2026-04-01,25.29,255.0,11.93
2026-04-02,24.2,246.99,11.55
2026-04-03,25.62,249.1,11.36
2026-04-07,25.13,249.66,11.46
2026-04-08,26.46,255.96,12.16
2026-04-09,27.02,250.49,12.13
2026-04-10,27.09,265.09,12.24
2026-04-13,28.24,262.14,12.36
2026-04-14,27.86,280.01,12.69
2026-04-15,27.48,274.0,12.46
2026-04-16,28.09,286.73,12.54
2026-04-17,27.7,288.96,12.74
2026-04-20,28.41,290.54,12.76
2026-04-21,27.61,306.27,12.55
2026-04-22,29.92,313.98,12.81
2026-04-23,31.2,304.8,12.47
2026-04-24,31.32,297.7,12.45
2026-04-27,32.19,303.42,12.89
2026-04-28,31.58,307.5,12.65
2026-04-29,32.42,308.89,12.77
2026-04-30,31.99,312.99,13.11
2026-05-06,31.85,344.29,13.62
2026-05-07,32.93,350.16,13.94
2026-05-08,33.17,334.1,13.74
2026-05-11,31.69,362.13,14.74
2026-05-12,30.69,353.55,14.43
2026-05-13,32.91,365.0,14.63
2026-05-14,32.14,356.19,14.26
2026-05-15,31.91,375.34,14.3
2026-05-18,31.83,400.0,14.69
2026-05-19,32.49,404.56,15.3
2026-05-20,32.21,445.02,15.88
2026-05-21,29.25,431.9,15.19
2026-05-22,29.86,468.74,15.43
2026-05-25,31.04,515.6,16.97
2026-05-26,28.9,526.22,18.67
2026-05-27,28.02,514.18,20.15
2026-05-28,28.92,483.0,21.49
2026-05-29,28.64,467.01,19.34
2026-06-01,27.84,468.0,18.43
2026-06-02,28.21,474.69,18.33
2026-06-03,28.22,492.23,19.16
2026-06-04,27.72,529.31,19.26
2026-06-05,27.87,488.0,18.08
2026-06-08,25.91,474.01,16.8
2026-06-09,26.38,500.5,17.64
2026-06-10,25.92,480.84,17.11
2026-06-11,25.35,483.5,16.75
2026-06-12,25.15,481.47,16.06
2026-06-15,26.48,518.0,17.13
2026-06-16,26.78,532.76,17.82
2026-06-17,27.21,586.04,19.05
2026-06-18,27.45,629.0,19.61
2026-06-22,27.89,689.7,20.44
2026-06-23,26.91,640.99,19.54
2026-06-24,27.66,705.09,20.98
2026-06-25,28.39,775.21,22.4
2026-06-26,25.62,770.0,22.56
2026-06-29,26.24,840.0,21.92
2026-06-30,28.86,815.0,22.31
2026-07-01,29.93,772.01,21.86
2026-07-02,29.03,694.81,20.27
2026-07-03,30.28,677.77,19.51
2026-07-06,33.31,654.29,19.94
2026-07-07,31.48,620.0,21.93
2026-07-08,33.62,603.17,21.57
2026-07-09,35.68,663.49,23.73
2026-07-10,38.41,612.0,25.31
2026-07-13,38.4,550.8,24.13
2026-07-14,36.98,583.99,25.68
2026-07-15,35.53,571.79,23.11
2026-07-16,38.59,514.61,20.8
2026-07-17,35.13,463.15,18.72
2026-07-20,37.69,432.3,16.85
2026-07-21,41.46,475.53,18.35
2026-07-22,44.9,470.0,18.42
2026-07-23,42.45,451.96,17.69
2026-07-24,41.45,457.0,18.59
2026-07-27,41.47,434.03,18.59
2026-07-28,41.48,390.63,17.47
2026-07-29,37.33,364.03,16.57
2026-07-30,33.6,371.1,14.91
2026-07-31,34.89,378.6,15.47
2026-08-03,33.1,340.74,14.77
2026-08-04,34.32,356.02,15.53
2026-08-05,36.94,385.44,16.59
2026-08-06,37.94,385.0,17.26
2026-08-07,38.0,417.05,17.98
2026-08-10,37.63,403.03,18.06
2026-08-11,37.39,402.29,17.93
2026-08-12,37.0,413.17,18.3
2026-08-13,39.6,404.5,17.88
2026-08-14,39.95,417.48,17.98
2026-08-17,41.03,444.0,19.0
2026-08-18,39.25,436.74,18.7
2026-08-19,35.33,403.71,17.36
2026-08-20,35.66,403.5,17.35
2026-08-21,36.44,409.06,17.42
2026-08-24,34.49,381.66,16.88
2026-08-25,35.1,395.51,16.84
2026-08-26,34.9,392.5,16.66
2026-08-27,36.43,411.2,17.18
2026-08-28,35.89,396.82,16.92
2026-08-31,38.95,406.0,17.05
